,Number of Completed Trips,Number of Uncompleted Trips,Number of Completed Orders,Number of Uncompleted Orders,Total Distance Completed Orders (km),Total Distance Uncompleted Orders (km),Total Time Completed Orders (hrs),Total Time Uncompleted Orders (hrs),Average Distance for Successful Orders (km),Average Time for Successful Orders (hrs)
0,4,0,49,0,325.7239513184019,0.0,10.857465043946728,0.0,81.43098782960047,2.714366260986682
1,3,0,40,0,256.3598263462071,0.0,8.54532754487357,0.0,85.45327544873571,2.8484425149578567
2,4,2,58,28,366.9408694169188,191.05573488437216,12.231362313897293,6.368524496145739,91.7352173542297,3.0578405784743232
3,4,0,51,0,366.1911108998648,0.0,12.206370363328823,0.0,91.5477777249662,3.0515925908322057
4,4,0,58,0,338.94757685222686,0.0,11.298252561740895,0.0,84.73689421305671,2.824563140435224
5,4,1,50,13,351.95653041414596,124.40492420520499,11.731884347138198,4.146830806840167,87.98913260353649,2.9329710867845495
6,3,0,42,0,270.7319738601841,0.0,9.024399128672805,0.0,90.24399128672803,3.0081330428909347
7,4,2,44,25,370.495325266185,209.96592925168858,12.3498441755395,6.998864308389619,92.62383131654624,3.087461043884875
8,4,1,58,14,376.47931396500456,75.87029756598169,12.549310465500152,2.5290099188660564,94.11982849125114,3.137327616375038
9,1,0,13,0,90.6222592947251,0.0,3.0207419764908368,0.0,90.6222592947251,3.0207419764908368
10,1,0,5,0,59.037614549897384,0.0,1.9679204849965795,0.0,59.037614549897384,1.9679204849965795
11,3,0,36,0,288.34335273157524,0.0,9.611445091052506,0.0,96.11445091052508,3.2038150303508353
12,4,0,37,0,288.26720684215275,0.0,9.608906894738427,0.0,72.06680171053819,2.4022267236846067
13,4,0,48,0,377.4656527276252,0.0,12.58218842425417,0.0,94.3664131819063,3.1455471060635425
14,4,2,50,28,362.0291446529883,183.43812606712174,12.067638155099612,6.114604202237391,90.50728616324707,3.016909538774903
15,2,0,19,0,118.31125493291412,0.0,3.9437084977638044,0.0,59.15562746645706,1.9718542488819022
16,4,0,52,0,372.502527885703,0.0,12.416750929523433,0.0,93.12563197142575,3.104187732380858
17,4,0,61,0,381.87258389850064,0.0,12.72908612995002,0.0,95.46814597462516,3.182271532487505
18,3,0,40,0,279.37236962854143,0.0,9.312412320951381,0.0,93.12412320951381,3.104137440317127
19,4,2,60,16,412.9362033198605,124.82476235776178,13.764540110662015,4.1608254119253925,103.23405082996513,3.4411350276655037
20,5,1,61,21,444.4185513275305,109.15318023984801,14.813951710917685,3.638439341328267,88.8837102655061,2.962790342183537
21,4,0,46,0,316.2385914572563,0.0,10.541286381908545,0.0,79.05964786431407,2.6353215954771363
22,3,0,50,0,275.8676306276602,0.0,9.195587687588674,0.0,91.95587687588674,3.065195895862891
23,5,1,58,10,431.81563829615624,86.6958304962138,14.393854609871875,2.88986101654046,86.36312765923125,2.878770921974375
24,2,0,26,0,188.582363940422,0.0,6.286078798014066,0.0,94.291181970211,3.143039399007033
25,1,0,11,0,80.55426350387236,0.0,2.6851421167957454,0.0,80.55426350387236,2.6851421167957454
26,5,6,63,92,405.43734018887534,601.3834343471029,13.514578006295846,20.04611447823676,81.08746803777507,2.702915601259169
27,3,0,44,0,314.58486025578287,0.0,10.486162008526096,0.0,104.86162008526095,3.4953873361753653
28,4,0,43,0,326.7269567483554,0.0,10.890898558278515,0.0,81.68173918708885,2.7227246395696287
29,3,0,26,0,173.96849527776914,0.0,5.798949842592304,0.0,57.989498425923045,1.9329832808641012
30,4,1,54,11,413.2212270616997,87.28159071435431,13.774040902056658,2.9093863571451437,103.30530676542493,3.4435102255141645
31,1,0,15,0,84.67934039677232,0.0,2.8226446798924107,0.0,84.67934039677232,2.8226446798924107
32,3,0,30,0,217.76326041940703,0.0,7.258775347313567,0.0,72.58775347313568,2.419591782437856
33,1,0,3,0,19.464482570047316,0.0,0.6488160856682439,0.0,19.464482570047316,0.6488160856682439
34,3,0,27,0,252.91499558106173,0.0,8.430499852702058,0.0,84.30499852702057,2.8101666175673525
35,3,0,41,0,320.1778620557677,0.0,10.672595401858924,0.0,106.72595401858923,3.5575318006196412
36,3,0,52,0,313.1490377493871,0.0,10.438301258312904,0.0,104.38301258312903,3.479433752770968
37,2,0,25,0,153.2985571895219,0.0,5.109951906317396,0.0,76.64927859476094,2.554975953158698
38,3,0,47,0,293.0676130600254,0.0,9.76892043533418,0.0,97.6892043533418,3.2563068117780603
39,4,2,57,25,367.6052418483056,192.08659131222396,12.253508061610187,6.402886377074132,91.9013104620764,3.063377015402547
40,4,0,55,0,375.0344417840621,0.0,12.501148059468736,0.0,93.75861044601552,3.125287014867184
41,4,1,53,17,368.0662246101224,104.01198593973227,12.268874153670748,3.4670661979910755,92.0165561525306,3.067218538417687
42,5,2,56,32,438.287150026606,170.9410779499646,14.609571667553531,5.698035931665487,87.6574300053212,2.9219143335107063
43,3,0,35,0,214.46420535600475,0.0,7.148806845200159,0.0,71.48806845200158,2.3829356150667196
44,2,0,22,0,135.30020634054404,0.0,4.510006878018134,0.0,67.65010317027202,2.255003439009067
45,1,0,14,0,78.25995786608063,0.0,2.6086652622026874,0.0,78.25995786608063,2.6086652622026874
46,1,0,13,0,82.5985657850133,0.0,2.7532855261671103,0.0,82.5985657850133,2.7532855261671103
47,5,0,57,0,404.7511904727968,0.0,13.491706349093226,0.0,80.95023809455935,2.6983412698186453
48,4,0,51,0,335.1624536844629,0.0,11.172081789482098,0.0,83.79061342111572,2.7930204473705245
49,4,6,58,85,397.9416098327123,571.543594145704,13.264720327757077,19.051453138190137,99.48540245817807,3.3161800819392693
50,4,1,73,11,450.45884511566106,101.63230271791636,15.015294837188701,3.3877434239305453,112.61471127891527,3.7538237092971753
51,2,0,21,0,152.48703286408622,0.0,5.08290109546954,0.0,76.24351643204311,2.54145054773477
52,4,2,59,23,374.1308154117303,181.44168508770207,12.47102718039101,6.048056169590069,93.53270385293257,3.1177567950977525
53,2,0,28,0,191.14388631834612,0.0,6.371462877278203,0.0,95.57194315917306,3.1857314386391016
54,4,3,63,37,388.27887125287356,204.6469282592821,12.942629041762453,6.821564275309404,97.06971781321839,3.2356572604406133
55,2,0,25,0,166.07628390156765,0.0,5.535876130052255,0.0,83.03814195078382,2.7679380650261276
56,4,0,56,0,336.58768087552613,0.0,11.219589362517537,0.0,84.14692021888153,2.8048973406293842
57,3,0,39,0,291.2854194756776,0.0,9.709513982522587,0.0,97.09513982522587,3.2365046608408625
58,1,0,5,0,87.15807209674699,0.0,2.9052690698915664,0.0,87.15807209674699,2.9052690698915664
59,2,0,24,0,157.4466468966944,0.0,5.248221563223146,0.0,78.7233234483472,2.624110781611573
60,1,0,13,0,95.31036961451272,0.0,3.1770123204837573,0.0,95.31036961451272,3.1770123204837573
61,4,1,53,13,373.3620102496156,98.64770685479607,12.445400341653853,3.288256895159869,93.3405025624039,3.1113500854134633
62,5,0,59,0,399.70680369945626,0.0,13.32356012331521,0.0,79.94136073989125,2.664712024663042
63,3,0,49,0,307.16830820012945,0.0,10.238943606670983,0.0,102.38943606670982,3.4129812022236607
64,4,2,53,17,365.82988216568134,164.03059132807527,12.194329405522708,5.46768637760251,91.45747054142034,3.048582351380677
65,4,7,65,97,422.2281448386134,648.4507823294502,14.074271494620445,21.615026077648338,105.55703620965335,3.5185678736551114
66,4,0,60,0,361.611162897858,0.0,12.0537054299286,0.0,90.4027907244645,3.01342635748215
67,3,0,37,0,256.391614333176,0.0,8.546387144439201,0.0,85.463871444392,2.848795714813067
68,4,0,52,0,325.9307745745362,0.0,10.86435915248454,0.0,81.48269364363405,2.716089788121135
69,3,0,39,0,278.70359706109997,0.0,9.290119902036665,0.0,92.90119902036666,3.0967066340122216
70,5,0,73,0,415.6313188267861,0.0,13.854377294226204,0.0,83.12626376535722,2.7708754588452407
71,3,0,30,0,215.87585730277243,0.0,7.195861910092415,0.0,71.95861910092414,2.3986206366974714
72,3,0,38,0,246.32280504661892,0.0,8.21076016822063,0.0,82.10760168220631,2.7369200560735436
73,3,0,30,0,197.26687627168647,0.0,6.575562542389549,0.0,65.7556254238955,2.191854180796516
74,5,0,66,0,462.63487620860474,0.0,15.421162540286822,0.0,92.52697524172095,3.0842325080573643
75,4,0,75,0,429.29273569007296,0.0,14.309757856335766,0.0,107.32318392251824,3.5774394640839415
76,1,0,13,0,93.79097001228449,0.0,3.1263656670761497,0.0,93.79097001228449,3.1263656670761497
77,5,1,67,16,427.4602533112616,93.74237323546105,14.24867511037539,3.124745774515368,85.49205066225232,2.8497350220750777
78,1,0,7,0,77.28755162760831,0.0,2.576251720920277,0.0,77.28755162760831,2.576251720920277
79,2,0,16,0,156.41480676233058,0.0,5.213826892077686,0.0,78.20740338116529,2.606913446038843
80,4,0,50,0,403.0092259200346,0.0,13.433640864001157,0.0,100.75230648000866,3.3584102160002893
81,1,0,8,0,70.13977405036255,0.0,2.3379924683454183,0.0,70.13977405036255,2.3379924683454183
82,3,0,40,0,257.4845867710614,0.0,8.58281955903538,0.0,85.8281955903538,2.8609398530117933
83,3,0,34,0,238.54855417608394,0.0,7.951618472536132,0.0,79.51618472536131,2.6505394908453774
84,1,0,11,0,95.76649310785605,0.0,3.192216436928535,0.0,95.76649310785605,3.192216436928535
85,1,0,11,0,84.31930133351393,0.0,2.810643377783798,0.0,84.31930133351393,2.810643377783798
86,3,0,46,0,297.02804356738113,0.0,9.90093478557937,0.0,99.0093478557937,3.3003115951931234
87,1,0,2,0,18.509898997879763,0.0,0.6169966332626587,0.0,18.509898997879763,0.6169966332626587
88,1,0,5,0,66.1525041364372,0.0,2.2050834712145733,0.0,66.1525041364372,2.2050834712145733
89,4,0,42,0,328.49143763441043,0.0,10.949714587813682,0.0,82.12285940860261,2.7374286469534206
90,1,0,8,0,56.02804692468166,0.0,1.8676015641560553,0.0,56.02804692468166,1.8676015641560553
91,4,0,49,0,346.22989000262527,0.0,11.540996333420845,0.0,86.55747250065632,2.885249083355211
92,3,0,48,0,303.94313166666205,0.0,10.131437722222067,0.0,101.31437722222068,3.3771459074073555
93,1,0,16,0,88.51285292079072,0.0,2.950428430693024,0.0,88.51285292079072,2.950428430693024
94,3,0,30,0,243.28425189956616,0.0,8.109475063318872,0.0,81.09475063318872,2.703158354439624
95,5,0,58,0,409.7331911912202,0.0,13.657773039707337,0.0,81.94663823824405,2.7315546079414674
96,3,0,49,0,262.1801944393847,0.0,8.739339814646158,0.0,87.39339814646156,2.913113271548719
97,4,0,52,0,341.08628000981435,0.0,11.369542666993812,0.0,85.27157000245359,2.842385666748453
98,3,0,38,0,301.1380445814192,0.0,10.037934819380638,0.0,100.3793481938064,3.3459782731268795
99,5,0,61,0,418.10905653863034,0.0,13.93696855128768,0.0,83.62181130772606,2.787393710257536
100,1,0,8,0,70.72970559746167,0.0,2.3576568532487223,0.0,70.72970559746167,2.3576568532487223
101,5,4,60,57,424.4722170024773,375.4443082465013,14.149073900082579,12.514810274883375,84.89444340049546,2.8298147800165157
102,2,0,30,0,221.4674636507002,0.0,7.382248788356675,0.0,110.7337318253501,3.6911243941783374
103,1,0,3,0,26.590358115165074,0.0,0.8863452705055025,0.0,26.590358115165074,0.8863452705055025
104,4,2,51,20,366.8427148183305,168.8526679409847,12.22809049394435,5.6284222646994895,91.71067870458262,3.0570226234860876
105,4,0,44,0,381.342886670712,0.0,12.7114295556904,0.0,95.335721667678,3.1778573889226
106,4,0,60,0,381.96241264804604,0.0,12.732080421601536,0.0,95.49060316201151,3.183020105400384
107,2,0,24,0,192.6020569191524,0.0,6.420068563971746,0.0,96.3010284595762,3.210034281985873
108,4,0,61,0,390.1518012145862,0.0,13.005060040486207,0.0,97.53795030364655,3.2512650101215517
109,2,0,19,0,127.13475105492732,0.0,4.237825035164244,0.0,63.56737552746366,2.118912517582122
110,4,0,53,0,373.95854217622536,0.0,12.465284739207512,0.0,93.48963554405634,3.116321184801878
111,3,0,29,0,261.97597963448993,0.0,8.732532654482997,0.0,87.32532654482998,2.910844218160999
112,5,0,59,0,447.10940755395194,0.0,14.903646918465064,0.0,89.42188151079039,2.9807293836930127
113,2,0,31,0,192.0536121251314,0.0,6.401787070837713,0.0,96.0268060625657,3.2008935354188566
114,2,0,23,0,177.27729534319897,0.0,5.909243178106632,0.0,88.63864767159949,2.954621589053316
115,4,0,55,0,371.3531740457723,0.0,12.378439134859075,0.0,92.83829351144307,3.094609783714769
116,4,0,58,0,390.4639975199836,0.0,13.015466583999451,0.0,97.6159993799959,3.253866645999863
117,4,0,51,0,363.2021628327726,0.0,12.10673876109242,0.0,90.80054070819315,3.026684690273105
118,4,0,46,0,341.83497824085583,0.0,11.394499274695194,0.0,85.45874456021396,2.8486248186737986
119,3,0,45,0,277.1794719179583,0.0,9.23931573059861,0.0,92.39315730598611,3.0797719101995367
120,1,0,12,0,95.61374936012719,0.0,3.1871249786709064,0.0,95.61374936012719,3.1871249786709064
121,3,0,29,0,221.48551837729354,0.0,7.382850612576452,0.0,73.82850612576452,2.4609502041921507
122,1,0,12,0,96.71002380332,0.0,3.2236674601106667,0.0,96.71002380332,3.2236674601106667
123,4,0,49,0,331.2987270587502,0.0,11.04329090195834,0.0,82.82468176468755,2.760822725489585
124,4,1,47,4,372.0571393599238,66.53171939422518,12.401904645330793,2.217723979807506,93.01428483998095,3.1004761613326983
125,4,1,63,14,388.28735086625113,86.6316337337862,12.942911695541707,2.88772112445954,97.07183771656278,3.2357279238854266
126,2,0,26,0,192.52378461918124,0.0,6.417459487306042,0.0,96.26189230959062,3.208729743653021
127,1,0,14,0,91.6399885279802,0.0,3.0546662842660064,0.0,91.6399885279802,3.0546662842660064
128,1,0,8,0,67.3993578884619,0.0,2.2466452629487303,0.0,67.3993578884619,2.2466452629487303
129,5,7,70,104,438.8860023323338,670.6646994678283,14.629533411077793,22.355489982260945,87.77720046646677,2.9259066822155586
130,3,0,49,0,311.09860372487344,0.0,10.369953457495782,0.0,103.69953457495781,3.456651152498594
131,2,0,25,0,179.43809167250166,0.0,5.981269722416722,0.0,89.71904583625083,2.990634861208361
132,2,0,23,0,164.35725877090994,0.0,5.478575292363664,0.0,82.17862938545497,2.739287646181832
133,4,1,58,10,347.29562941146867,100.2633969410982,11.576520980382288,3.34211323136994,86.82390735286717,2.894130245095572
134,4,2,57,38,379.4993231035791,217.36884126522645,12.649977436785967,7.245628042174215,94.87483077589478,3.162494359196492
135,4,0,50,0,334.3839327371825,0.0,11.146131091239418,0.0,83.59598318429562,2.7865327728098546
136,3,0,36,0,293.67831447491125,0.0,9.78927714916371,0.0,97.89277149163708,3.2630923830545697
137,1,0,23,0,105.80827049740569,0.0,3.526942349913523,0.0,105.80827049740569,3.526942349913523
138,3,0,46,0,292.63060068001323,0.0,9.754353356000442,0.0,97.5435335600044,3.251451118666814
139,4,2,59,22,372.337812744007,178.23788874788085,12.411260424800233,5.941262958262695,93.08445318600175,3.102815106200058
140,2,0,23,0,142.46432591482494,0.0,4.748810863827497,0.0,71.23216295741247,2.3744054319137486
141,2,0,35,0,178.59311698322526,0.0,5.953103899440842,0.0,89.29655849161263,2.976551949720421
142,5,0,62,0,421.029283985564,0.0,14.034309466185466,0.0,84.2058567971128,2.8068618932370932
143,4,2,61,29,386.0443290862903,187.48382021988834,12.868144302876342,6.249460673996278,96.51108227157258,3.2170360757190855
144,4,0,49,0,355.60571881868725,0.0,11.853523960622907,0.0,88.90142970467181,2.9633809901557266
145,5,1,65,15,440.4171875615343,91.38605072211729,14.68057291871781,3.046201690737243,88.08343751230686,2.936114583743562
146,1,0,6,0,71.51317633524351,0.0,2.3837725445081173,0.0,71.51317633524351,2.3837725445081173
147,2,0,23,0,162.62331067804666,0.0,5.4207770226015555,0.0,81.31165533902333,2.7103885113007777
148,3,0,39,0,290.6137512391251,0.0,9.68712504130417,0.0,96.87125041304171,3.2290416804347237
149,4,5,57,72,368.1700624590766,469.9068356748552,12.272335415302551,15.66356118916184,92.04251561476914,3.068083853825638
150,3,0,42,0,321.2222784895983,0.0,10.70740928298661,0.0,107.0740928298661,3.5691364276622033
151,1,0,18,0,121.65717484658272,0.0,4.055239161552757,0.0,121.65717484658272,4.055239161552757
152,3,0,42,0,221.4765928143106,0.0,7.382553093810354,0.0,73.82553093810354,2.460851031270118
153,4,2,56,26,365.328535425724,190.11547676463812,12.177617847524132,6.3371825588212705,91.332133856431,3.044404461881033
154,2,0,29,0,177.5393394177217,0.0,5.917977980590724,0.0,88.76966970886085,2.958988990295362
155,4,1,58,7,358.35707937234463,89.25549896814643,11.945235979078156,2.975183298938214,89.58926984308616,2.986308994769539
156,4,1,59,14,354.8868479990855,110.17781509784186,11.829561599969516,3.6725938365947286,88.72171199977137,2.957390399992379
157,2,0,20,0,128.73417946668582,0.0,4.291139315556194,0.0,64.36708973334291,2.145569657778097
158,3,0,40,0,242.7243324502195,0.0,8.090811081673984,0.0,80.90811081673984,2.6969370272246613
159,3,0,47,0,319.5733393336045,0.0,10.652444644453482,0.0,106.52444644453483,3.5508148814844938
160,4,2,61,24,402.7292884421888,168.05107260961026,13.424309614739627,5.601702420320342,100.6823221105472,3.356077403684907
161,5,0,69,0,420.2501231403802,0.0,14.008337438012674,0.0,84.05002462807605,2.801667487602535
162,2,0,17,0,134.8703046369174,0.0,4.495676821230581,0.0,67.4351523184587,2.2478384106152904
163,1,0,7,0,93.60756558292454,0.0,3.1202521860974843,0.0,93.60756558292454,3.1202521860974843
164,3,0,46,0,286.6519161791034,0.0,9.555063872636781,0.0,95.55063872636781,3.185021290878927
165,1,0,9,0,62.58908132646823,0.0,2.0863027108822743,0.0,62.58908132646823,2.0863027108822743
166,3,0,35,0,253.50909479920713,0.0,8.45030315997357,0.0,84.5030315997357,2.8167677199911902
167,3,0,32,0,245.37172868901266,0.0,8.179057622967088,0.0,81.79057622967089,2.7263525409890295
168,1,0,17,0,117.72245478955779,0.0,3.924081826318593,0.0,117.72245478955779,3.924081826318593
169,5,1,65,15,428.3331729757743,102.2296772363704,14.277772432525811,3.4076559078790134,85.66663459515486,2.855554486505162
170,1,0,16,0,94.23423978528437,0.0,3.141141326176146,0.0,94.23423978528437,3.141141326176146
171,3,0,41,0,294.83788310307557,0.0,9.827929436769185,0.0,98.27929436769186,3.2759764789230617
172,4,0,47,0,328.666207383364,0.0,10.955540246112133,0.0,82.166551845841,2.738885061528033
173,2,0,20,0,183.92879835616912,0.0,6.130959945205638,0.0,91.96439917808456,3.065479972602819
174,3,0,34,0,228.04462328738262,0.0,7.601487442912755,0.0,76.01487442912754,2.533829147637585
175,3,0,42,0,290.741768170037,0.0,9.691392272334568,0.0,96.91392272334566,3.2304640907781894
176,1,0,6,0,63.483450271967534,0.0,2.1161150090655845,0.0,63.483450271967534,2.1161150090655845
177,5,8,61,105,435.21801501429655,726.7459858862301,14.507267167143219,24.22486619620767,87.04360300285931,2.9014534334286437
178,4,0,58,0,356.8104038591898,0.0,11.89368012863966,0.0,89.20260096479745,2.973420032159915
179,4,0,43,0,327.98915948676057,0.0,10.932971982892019,0.0,81.99728987169014,2.7332429957230047
180,4,0,45,0,334.42691470874973,0.0,11.14756382362499,0.0,83.60672867718743,2.7868909559062476
181,4,0,60,0,356.7071346800146,0.0,11.890237822667153,0.0,89.17678367000364,2.9725594556667883
182,4,1,60,14,388.1202698137181,81.22635701292171,12.937342327123938,2.707545233764057,97.03006745342952,3.2343355817809845
183,4,0,47,0,325.89299988382254,0.0,10.863099996127417,0.0,81.47324997095564,2.7157749990318543
184,4,0,49,0,304.3033443149542,0.0,10.143444810498472,0.0,76.07583607873855,2.535861202624618
185,1,0,7,0,51.173645214147584,0.0,1.7057881738049194,0.0,51.173645214147584,1.7057881738049194
186,4,0,53,0,359.55282859977603,0.0,11.985094286659201,0.0,89.88820714994401,2.9962735716648004
187,2,0,21,0,165.07764739824438,0.0,5.502588246608147,0.0,82.53882369912219,2.7512941233040733
188,5,1,59,16,436.2056447442011,112.10729060730073,14.540188158140039,3.7369096869100242,87.24112894884021,2.908037631628008
189,2,0,29,0,216.8398948225074,0.0,7.22799649408358,0.0,108.4199474112537,3.61399824704179
190,5,0,56,0,386.3169683467288,0.0,12.877232278224293,0.0,77.26339366934576,2.5754464556448586
191,4,1,63,5,400.1496285927827,68.78682687072816,13.338320953092758,2.292894229024272,100.03740714819567,3.3345802382731895
192,5,0,61,0,426.84827425046973,0.0,14.228275808348991,0.0,85.36965485009395,2.8456551616697983
193,3,0,41,0,303.91045666007415,0.0,10.130348555335805,0.0,101.30348555335804,3.376782851778602
194,2,0,19,0,149.30728139213767,0.0,4.976909379737922,0.0,74.65364069606883,2.488454689868961
195,2,0,24,0,163.149346864527,0.0,5.4383115621509,0.0,81.5746734322635,2.71915578107545
196,2,0,19,0,145.0068701291665,0.0,4.833562337638883,0.0,72.50343506458324,2.4167811688194414
197,4,1,66,8,357.45854940430536,92.67791623170072,11.915284980143513,3.089263874390024,89.36463735107634,2.978821245035878
198,1,0,6,0,61.35656926638369,0.0,2.0452189755461228,0.0,61.35656926638369,2.0452189755461228
199,2,0,23,0,155.92489932690336,0.0,5.197496644230112,0.0,77.96244966345168,2.598748322115056
200,3,0,42,0,272.2454179600387,0.0,9.074847265334624,0.0,90.74847265334624,3.0249490884448744
201,3,0,40,0,270.92507176351637,0.0,9.030835725450546,0.0,90.30835725450545,3.0102785751501817
202,3,0,27,0,238.05708567970055,0.0,7.935236189323351,0.0,79.35236189323352,2.6450787297744505
203,1,0,10,0,90.30943006672314,0.0,3.010314335557438,0.0,90.30943006672314,3.010314335557438
204,4,2,50,30,369.6419857686119,191.2025687742659,12.321399525620397,6.373418959142196,92.41049644215298,3.080349881405099
205,3,0,28,0,216.14915293780774,0.0,7.204971764593592,0.0,72.04971764593591,2.4016572548645305
206,1,0,1,0,0.0,0.0,0.0,0.0,0.0,0.0
207,2,0,24,0,151.70293600987517,0.0,5.056764533662506,0.0,75.85146800493759,2.528382266831253
208,3,0,39,0,281.2138522997393,0.0,9.373795076657977,0.0,93.73795076657977,3.1245983588859922
209,5,0,62,0,430.03945145793307,0.0,14.334648381931098,0.0,86.00789029158662,2.8669296763862198
210,2,0,19,0,160.41073819088257,0.0,5.347024606362753,0.0,80.20536909544128,2.6735123031813766
211,4,0,46,0,313.6891707632043,0.0,10.45630569210681,0.0,78.42229269080107,2.6140764230267024
212,4,0,60,0,364.1391887067786,0.0,12.137972956892622,0.0,91.03479717669465,3.0344932392231554
213,1,0,6,0,90.40815519368195,0.0,3.013605173122732,0.0,90.40815519368195,3.013605173122732
214,1,0,6,0,65.27950866702986,0.0,2.1759836222343285,0.0,65.27950866702986,2.1759836222343285
215,1,0,19,0,110.63421864451959,0.0,3.687807288150653,0.0,110.63421864451959,3.687807288150653
216,5,1,62,13,417.0239874935712,73.14533224422188,13.900799583119037,2.4381777414740626,83.40479749871425,2.7801599166238073
217,1,0,3,0,50.28401761808965,0.0,1.6761339206029884,0.0,50.28401761808965,1.6761339206029884
218,5,1,70,10,424.7433565167953,88.52147767159744,14.158111883893175,2.950715922386581,84.94867130335906,2.8316223767786353
219,2,0,11,0,112.27795294907393,0.0,3.742598431635798,0.0,56.13897647453697,1.871299215817899
220,4,1,61,4,427.11373248529696,41.3725682447649,14.237124416176565,1.37908560815883,106.77843312132424,3.559281104044141
221,4,0,60,0,393.1823673149219,0.0,13.106078910497398,0.0,98.29559182873048,3.2765197276243496
222,2,0,20,0,173.77564090351274,0.0,5.792521363450424,0.0,86.88782045175637,2.896260681725212
223,4,4,66,46,412.4360458648195,366.48377839446863,13.747868195493984,12.216125946482286,103.10901146620488,3.436967048873496
224,2,0,16,0,120.58741995948239,0.0,4.01958066531608,0.0,60.293709979741195,2.00979033265804
225,4,1,54,7,341.0283278434488,77.02747864137763,11.367610928114956,2.567582621379254,85.2570819608622,2.841902732028739
226,2,0,15,0,131.8091913544828,0.0,4.3936397118160935,0.0,65.9045956772414,2.1968198559080467
227,5,0,67,0,434.5401570107039,0.0,14.484671900356798,0.0,86.90803140214078,2.8969343800713596
228,3,0,36,0,259.3153449802252,0.0,8.643844832674173,0.0,86.43844832674172,2.881281610891391
229,4,1,55,8,372.68061568358013,91.28834636772098,12.42268718945267,3.0429448789240325,93.17015392089503,3.1056717973631676
230,1,0,4,0,43.06126722619044,0.0,1.4353755742063479,0.0,43.06126722619044,1.4353755742063479
231,5,1,76,9,430.85619109008604,65.07696344746563,14.3618730363362,2.169232114915521,86.17123821801721,2.8723746072672403
232,3,0,33,0,257.3201070596035,0.0,8.577336901986783,0.0,85.77336901986784,2.859112300662261
233,1,0,1,0,0.0,0.0,0.0,0.0,0.0,0.0
234,2,0,30,0,185.89123603577286,0.0,6.196374534525763,0.0,92.94561801788643,3.0981872672628814
235,2,0,26,0,166.46217949437806,0.0,5.54873931647927,0.0,83.23108974718903,2.774369658239635
236,2,0,37,0,219.77767115995965,0.0,7.325922371998654,0.0,109.88883557997983,3.662961185999327
237,3,0,36,0,241.0308792783323,0.0,8.034362642611075,0.0,80.34362642611076,2.6781208808703583
238,5,1,61,14,418.59316479623055,104.3387637851333,13.953105493207685,3.4779587928377764,83.71863295924611,2.790621098641537
239,1,0,11,0,91.68148270701609,0.0,3.056049423567203,0.0,91.68148270701609,3.056049423567203
240,3,0,38,0,240.52834919688314,0.0,8.017611639896105,0.0,80.17611639896104,2.6725372132987015
241,4,2,56,30,391.93710801932633,189.4330546530519,13.064570267310877,6.31443515510173,97.98427700483158,3.2661425668277193
242,5,0,57,0,459.3693562348117,0.0,15.312311874493723,0.0,91.87387124696234,3.0624623748987445
243,4,0,56,0,383.70977285694306,0.0,12.790325761898103,0.0,95.92744321423577,3.1975814404745257
244,3,0,36,0,270.0951327116131,0.0,9.003171090387102,0.0,90.03171090387103,3.0010570301290342
245,3,0,43,0,302.59133780105725,0.0,10.086377926701909,0.0,100.86377926701908,3.3621259755673027
246,3,0,35,0,265.44003533918914,0.0,8.848001177972971,0.0,88.48001177972971,2.9493337259909906
247,2,0,22,0,159.48410341406372,0.0,5.31613678046879,0.0,79.74205170703186,2.658068390234395
248,5,2,51,28,398.4064492043125,175.03433625887567,13.280214973477083,5.834477875295855,79.68128984086249,2.6560429946954165
249,4,0,51,0,305.48893826141114,0.0,10.182964608713704,0.0,76.37223456535278,2.545741152178426
250,5,3,76,53,422.5852886393319,349.95388624645113,14.08617628797773,11.665129541548371,84.51705772786639,2.817235257595546
251,1,0,12,0,91.56686656770869,0.0,3.0522288855902895,0.0,91.56686656770869,3.0522288855902895
252,4,2,56,21,359.6620408850157,186.70595966288653,11.988734696167189,6.223531988762884,89.91551022125392,2.997183674041797
253,1,0,13,0,84.13589453764256,0.0,2.8045298179214186,0.0,84.13589453764256,2.8045298179214186
254,2,0,24,0,182.02118554614975,0.0,6.067372851538325,0.0,91.01059277307488,3.0336864257691625
255,1,0,13,0,105.54104816226754,0.0,3.5180349387422516,0.0,105.54104816226754,3.5180349387422516
256,3,0,34,0,249.80047133820335,0.0,8.326682377940113,0.0,83.26682377940112,2.7755607926467043
257,3,0,44,0,267.6119720861974,0.0,8.920399069539915,0.0,89.20399069539913,2.973466356513305
258,4,0,59,0,386.07819578728925,0.0,12.869273192909642,0.0,96.51954894682231,3.2173182982274104
259,1,0,11,0,124.69191305201478,0.0,4.156397101733826,0.0,124.69191305201478,4.156397101733826
260,5,8,63,111,418.12992654573566,785.0214758602409,13.937664218191188,26.167382528674693,83.62598530914713,2.7875328436382376
261,4,1,52,13,388.989161531225,97.43314136040988,12.966305384374168,3.247771378680329,97.24729038280626,3.241576346093542
262,5,0,65,0,449.85090552057085,0.0,14.995030184019031,0.0,89.97018110411418,2.9990060368038063
263,4,1,59,7,397.57648718112057,61.55134898821784,13.25254957270402,2.0517116329405947,99.39412179528014,3.313137393176005
264,2,0,17,0,122.49123371750309,0.0,4.08304112391677,0.0,61.245616858751546,2.041520561958385
265,2,0,17,0,159.6813289829338,0.0,5.322710966097793,0.0,79.8406644914669,2.6613554830488964
266,5,1,69,10,418.32272251495374,99.54375352853526,13.94409075049846,3.318125117617842,83.66454450299075,2.7888181500996923
267,5,0,57,0,387.79623967176985,0.0,12.926541322392328,0.0,77.55924793435398,2.5853082644784657
268,4,1,65,11,401.497232384523,87.94956647677515,13.383241079484101,2.931652215892505,100.37430809613075,3.3458102698710253
269,2,0,26,0,201.5818461782681,0.0,6.719394872608937,0.0,100.79092308913405,3.3596974363044687
270,5,6,60,78,420.52351250009895,552.1896298670208,14.017450416669964,18.406320995567363,84.10470250001978,2.803490083333993
271,2,0,26,0,195.5001894461376,0.0,6.51667298153792,0.0,97.7500947230688,3.25833649076896
272,4,3,60,34,406.5906150209617,224.60856896462798,13.553020500698723,7.486952298820933,101.64765375524043,3.388255125174681
273,1,0,9,0,76.50553302304917,0.0,2.550184434101639,0.0,76.50553302304917,2.550184434101639
274,4,0,57,0,379.02789666674494,0.0,12.63426322222483,0.0,94.75697416668623,3.1585658055562074
275,1,0,14,0,87.76206530375146,0.0,2.925402176791715,0.0,87.76206530375146,2.925402176791715
276,4,1,58,12,418.71205037079085,85.06582460500756,13.957068345693028,2.8355274868335854,104.67801259269771,3.489267086423257
277,4,4,71,52,404.8154036227003,374.65125542351575,13.493846787423339,12.488375180783857,101.20385090567507,3.3734616968558346
278,1,0,15,0,101.41868882533711,0.0,3.3806229608445704,0.0,101.41868882533711,3.3806229608445704
279,2,0,20,0,175.95279814130987,0.0,5.865093271376995,0.0,87.97639907065494,2.9325466356884977
280,5,0,68,0,449.9605462581144,0.0,14.998684875270479,0.0,89.99210925162288,2.9997369750540956
281,4,0,47,0,364.2986732904127,0.0,12.143289109680422,0.0,91.07466832260317,3.0358222774201056
282,2,0,23,0,151.42982534247668,0.0,5.047660844749222,0.0,75.71491267123834,2.523830422374611
283,4,1,52,15,361.94378597144396,105.66448270000335,12.064792865714798,3.522149423333445,90.48594649286099,3.0161982164286996
284,4,0,49,0,343.8111274096314,0.0,11.460370913654382,0.0,85.95278185240785,2.8650927284135954
285,3,0,42,0,327.6633394498367,0.0,10.922111314994558,0.0,109.22111314994557,3.6407037716648527
286,2,0,20,0,175.93801013427407,0.0,5.864600337809135,0.0,87.96900506713703,2.9323001689045674
287,3,0,44,0,314.6110391546191,0.0,10.487034638487303,0.0,104.87034638487303,3.4956782128291013
288,4,0,52,0,365.2240010804677,0.0,12.174133369348924,0.0,91.30600027011693,3.043533342337231
289,4,0,53,0,375.1699047755156,0.0,12.505663492517185,0.0,93.7924761938789,3.126415873129296
290,2,0,22,0,193.3868277558288,0.0,6.446227591860959,0.0,96.6934138779144,3.2231137959304794
291,4,0,47,0,321.3633962833954,0.0,10.712113209446514,0.0,80.34084907084885,2.6780283023616285
292,4,0,62,0,383.00928255186136,0.0,12.766976085062044,0.0,95.75232063796534,3.191744021265511
293,4,2,59,38,360.46772048703633,195.04472994765547,12.015590682901209,6.501490998255182,90.11693012175908,3.0038976707253022
294,3,0,39,0,256.03062070164526,0.0,8.534354023388175,0.0,85.34354023388175,2.844784674462725
295,5,1,59,16,432.5676997234906,108.466105659437,14.418923324116353,3.615536855314567,86.51353994469812,2.8837846648232706
296,3,0,33,0,201.54962299880083,0.0,6.718320766626695,0.0,67.18320766626694,2.2394402555422315
297,3,0,41,0,279.06678865664503,0.0,9.302226288554834,0.0,93.02226288554834,3.100742096184945
298,3,0,28,0,210.26505721665407,0.0,7.008835240555135,0.0,70.08835240555136,2.3362784135183783
299,4,5,50,70,387.66848364990807,463.9261180637428,12.922282788330268,15.464203935458094,96.91712091247702,3.230570697082567
